algorithm,layer,utility,mean_violation,cvar,power_violation,dual_mean,dual_max
risk_neutral_pgd,1,26.223257064819336,15385.1689453125,142586.140625,4.257474728319721e-08,,
risk_neutral_pgd,2,49.509944915771484,14392.19921875,131908.875,0.0,,
risk_neutral_pgd,3,50.093509674072266,13845.9912109375,123774.234375,0.0,,
risk_neutral_pgd,4,49.70954513549805,14869.7685546875,138230.90625,0.0,,
risk_neutral_pgd,5,52.150360107421875,15388.2373046875,135392.09375,0.0,,
risk_neutral_pgd,6,52.586212158203125,15392.0546875,140942.5625,0.0,,
risk_neutral_pgd,7,53.283660888671875,15742.3779296875,137808.59375,0.0,,
risk_neutral_pgd,8,55.10956954956055,12620.0380859375,110155.1328125,0.0,,
risk_neutral_pgd,9,56.71185302734375,15496.55078125,145248.453125,0.0,,
risk_neutral_pgd,10,54.732147216796875,14651.1689453125,132511.234375,0.0,,
wideband_pgd,1,-471726.625,5331.57080078125,48972.1796875,2.838316426334586e-08,,
wideband_pgd,2,-19951892.0,227717.375,2067019.5,0.0,,
wideband_pgd,3,-13602120.0,154589.578125,1410412.25,0.0,,
wideband_pgd,4,-15485142.0,177240.125,1603319.25,0.0,,
wideband_pgd,5,-15082612.0,173069.9375,1560821.875,0.0,,
wideband_pgd,6,-15198469.0,174670.734375,1572302.5,0.0,,
wideband_pgd,7,-15173315.0,174511.15625,1569457.5,0.0,,
wideband_pgd,8,-15180922.0,174681.359375,1570089.125,0.0,,
wideband_pgd,9,-15179610.0,174721.25,1569850.25,0.0,,
wideband_pgd,10,-15180255.0,174769.453125,1569840.5,0.0,,
budgeted_primal_dual_pgd,1,-73466.8984375,5331.57080078125,48972.1796875,2.838316426334586e-08,1.5841752290725708,7.545664310455322
budgeted_primal_dual_pgd,2,-3600932.5,200789.484375,2400583.0,0.0,2.57513165473938,9.045663833618164
budgeted_primal_dual_pgd,3,-2692018.0,150228.234375,1794602.0,0.0,3.563714027404785,10.545663833618164
budgeted_primal_dual_pgd,4,-2939036.0,163906.265625,1959264.75,0.0,4.420942306518555,12.045663833618164
budgeted_primal_dual_pgd,5,-2903780.0,162023.28125,1935703.0,0.0,5.4189133644104,13.545663833618164
budgeted_primal_dual_pgd,6,-2913434.0,162488.359375,1942099.5,0.0,6.4189133644104,15.045663833618164
budgeted_primal_dual_pgd,7,-2911955.75,162377.953125,1941088.0,0.0,7.355000019073486,16.545663833618164
budgeted_primal_dual_pgd,8,-2912319.25,162404.25,1941280.0,0.0,8.355000495910645,18.045663833618164
budget_aware_primal_dual_unfolded,1,-245.4664764404297,5331.57080078125,48972.1796875,2.838316426334586e-08,4.661029815673828,6.93009090423584
budget_aware_primal_dual_unfolded,2,-7370970.0,237228.203125,2845257.0,0.0,13.090189933776855,19.99095916748047
budget_aware_primal_dual_unfolded,3,-4519.30615234375,192512.359375,2308755.0,0.0,34.50496292114258,53.046669006347656
budget_aware_primal_dual_unfolded,4,-7223194.5,186664.828125,2238612.75,0.0,39.27235794067383,60.365577697753906
budget_aware_primal_dual_unfolded,5,-335181.46875,221203.875,2646550.5,0.0,61.32704544067383,94.2573013305664
budget_aware_primal_dual_unfolded,6,-3514.1259765625,3823.891845703125,40995.171875,0.0,62.84197998046875,96.67776489257812
budget_aware_primal_dual_unfolded,7,-3583.096435546875,104.14957427978516,606.1026611328125,0.0,94.20989227294922,147.03550720214844
budget_aware_primal_dual_unfolded,8,-5645.26171875,62.232967376708984,338.6031188964844,0.0,101.2085952758789,158.60433959960938
risk_neutral_pgd,1,27.087839126586914,15168.0087890625,173518.15625,1.419158213167293e-08,,
risk_neutral_pgd,2,53.00429153442383,14501.22265625,165531.125,0.0,,
risk_neutral_pgd,3,52.090023040771484,12154.1279296875,137989.265625,0.0,,
risk_neutral_pgd,4,53.75825119018555,10751.4462890625,122031.984375,0.0,,
risk_neutral_pgd,5,54.17522048950195,13187.6064453125,150494.921875,0.0,,
risk_neutral_pgd,6,56.02047348022461,12817.1455078125,145688.015625,0.0,,
risk_neutral_pgd,7,55.76292037963867,13673.64453125,155197.40625,0.0,,
risk_neutral_pgd,8,56.916595458984375,15435.3876953125,175012.796875,0.0,,
risk_neutral_pgd,9,57.52815628051758,12567.8017578125,140680.734375,0.0,,
risk_neutral_pgd,10,57.372493743896484,15769.6337890625,179907.1875,0.0,,
wideband_pgd,1,-370324.40625,3956.456298828125,38875.26171875,3.12214822884016e-08,,
wideband_pgd,2,-69770480.0,659118.0625,7485466.5,0.0,,
wideband_pgd,3,-41176496.0,392727.65625,4410700.5,0.0,,
wideband_pgd,4,-47704048.0,454041.71875,5111680.0,0.0,,
wideband_pgd,5,-46082356.0,438910.90625,4937338.5,0.0,,
wideband_pgd,6,-46522500.0,443067.09375,4984563.5,0.0,,
wideband_pgd,7,-46435700.0,442271.5,4975205.5,0.0,,
wideband_pgd,8,-46471544.0,442618.5,4979035.0,0.0,,
wideband_pgd,9,-46470932.0,442619.59375,4978956.5,0.0,,
wideband_pgd,10,-46475924.0,442671.03125,4979484.5,0.0,,
budgeted_primal_dual_pgd,1,-58321.359375,3956.456298828125,38875.26171875,3.12214822884016e-08,1.3663736581802368,7.830278396606445
budgeted_primal_dual_pgd,2,-12375821.0,688251.875,8250520.0,0.0,2.167343854904175,9.330278396606445
budgeted_primal_dual_pgd,3,-8177713.5,455049.0,5451750.5,0.0,2.9791195392608643,10.830278396606445
budgeted_primal_dual_pgd,4,-8948008.0,497916.625,5965248.0,0.0,3.8143959045410156,12.330278396606445
budgeted_primal_dual_pgd,5,-8791235.0,489124.71875,5860700.5,0.0,4.689395904541016,13.830278396606445
budgeted_primal_dual_pgd,6,-8822540.0,491023.84375,5881534.5,0.0,5.564395904541016,15.330278396606445
budgeted_primal_dual_pgd,7,-8816334.0,490698.28125,5877365.5,0.0,6.430023670196533,16.830278396606445
budgeted_primal_dual_pgd,8,-8817642.0,490727.90625,5878201.5,0.0,7.3080620765686035,18.330278396606445
budget_aware_primal_dual_unfolded,1,-192.5726318359375,3956.456298828125,38875.26171875,3.12214822884016e-08,3.673229217529297,6.778167247772217
budget_aware_primal_dual_unfolded,2,-33106664.0,1065438.875,12784264.0,0.0,9.475430488586426,19.502897262573242
budget_aware_primal_dual_unfolded,3,-17698.634765625,857525.0625,10288967.0,0.0,25.481069564819336,51.74293518066406
budget_aware_primal_dual_unfolded,4,-31946460.0,828518.75,9940922.0,0.0,29.02930450439453,58.87102508544922
budget_aware_primal_dual_unfolded,5,-1637626.375,1074182.125,12880077.0,0.0,47.10179138183594,91.89566802978516
budget_aware_primal_dual_unfolded,6,-2886.006591796875,7518.39013671875,87062.859375,0.0,48.4201774597168,94.26145935058594
budget_aware_primal_dual_unfolded,7,-2151.457275390625,102.48079681396484,1018.4254760742188,0.0,68.22245025634766,143.51058959960938
budget_aware_primal_dual_unfolded,8,-4457.5859375,57.85151290893555,466.85638427734375,0.0,74.15794372558594,154.82850646972656
risk_neutral_pgd,1,28.366363525390625,3514.03125,21245.046875,3.973643103449831e-08,,
risk_neutral_pgd,2,46.36906051635742,3117.264892578125,19098.119140625,0.0,,
risk_neutral_pgd,3,45.02750778198242,2951.5634765625,20527.841796875,0.0,,
risk_neutral_pgd,4,51.12601852416992,2762.7685546875,18240.302734375,0.0,,
risk_neutral_pgd,5,50.482574462890625,3621.891357421875,29959.63671875,0.0,,
risk_neutral_pgd,6,49.37502670288086,3469.873779296875,26237.375,0.0,,
risk_neutral_pgd,7,51.44157791137695,3234.490234375,25157.005859375,0.0,,
risk_neutral_pgd,8,51.29524612426758,2879.158203125,22103.671875,0.0,,
risk_neutral_pgd,9,52.1016731262207,2946.601318359375,22817.93359375,0.0,,
risk_neutral_pgd,10,52.104461669921875,2952.6513671875,22705.47265625,0.0,,
wideband_pgd,1,-113028.6015625,1560.8199462890625,11205.16015625,1.419158213167293e-08,,
wideband_pgd,2,-3515787.75,46281.98046875,352697.78125,0.0,,
wideband_pgd,3,-2382330.75,31219.375,239257.53125,0.0,,
wideband_pgd,4,-2683253.5,35398.08203125,269037.71875,0.0,,
wideband_pgd,5,-2613440.75,34560.078125,261881.859375,0.0,,
wideband_pgd,6,-2633133.25,34889.9296875,263725.0,0.0,,
wideband_pgd,7,-2629326.5,34877.7109375,263272.28125,0.0,,
wideband_pgd,8,-2630910.5,34922.20703125,263386.5625,0.0,,
wideband_pgd,9,-2630884.5,34935.71875,263358.1875,0.0,,
wideband_pgd,10,-2631103.75,34946.54296875,263365.28125,0.0,,
budgeted_primal_dual_pgd,1,-16803.0,1560.8199462890625,11205.16015625,1.419158213167293e-08,1.2623257637023926,5.8146843910217285
budgeted_primal_dual_pgd,2,-614848.0625,34654.5625,409880.3125,0.0,1.9677201509475708,7.3146843910217285
budgeted_primal_dual_pgd,3,-456497.1875,25803.251953125,304294.46875,0.0,2.6208980083465576,8.074980735778809
budgeted_primal_dual_pgd,4,-493018.3125,27800.4140625,328609.1875,0.0,3.347036361694336,9.574980735778809
budgeted_primal_dual_pgd,5,-486730.0625,27476.869140625,324387.0,0.0,4.082466125488281,11.074980735778809
budgeted_primal_dual_pgd,6,-488194.5,27508.697265625,325335.1875,0.0,4.810007572174072,12.442994117736816
budgeted_primal_dual_pgd,7,-487978.0,27386.630859375,325160.3125,0.0,5.5456929206848145,13.942994117736816
budgeted_primal_dual_pgd,8,-488081.59375,27423.873046875,325199.375,0.0,6.281582355499268,15.442994117736816
budget_aware_primal_dual_unfolded,1,-34.46993637084961,1560.8199462890625,11205.16015625,1.419158213167293e-08,3.278231620788574,6.873139381408691
budget_aware_primal_dual_unfolded,2,-925244.4375,29652.453125,355207.625,0.0,9.017928123474121,19.78588104248047
budget_aware_primal_dual_unfolded,3,-948.46240234375,23772.408203125,284688.625,0.0,23.815933227539062,52.4752197265625
budget_aware_primal_dual_unfolded,4,-897599.8125,23094.40625,276565.71875,0.0,27.11054039001465,59.688697814941406
budget_aware_primal_dual_unfolded,5,-59028.69921875,39032.20703125,463366.21875,0.0,41.248653411865234,93.24238586425781
budget_aware_primal_dual_unfolded,6,-2451.22802734375,783.2236328125,7476.41943359375,0.0,42.326908111572266,95.63507843017578
budget_aware_primal_dual_unfolded,7,-2445.575927734375,23.531822204589844,132.59234619140625,0.0,64.05706787109375,145.45477294921875
budget_aware_primal_dual_unfolded,8,-3903.6142578125,17.74437141418457,90.14473724365234,0.0,69.24927520751953,156.88905334472656
risk_neutral_pgd,1,27.952104568481445,4042.998046875,42490.890625,2.838316426334586e-08,,
risk_neutral_pgd,2,53.015106201171875,3795.490966796875,39567.4921875,0.0,,
risk_neutral_pgd,3,50.78369140625,3443.470947265625,35282.53125,0.0,,
risk_neutral_pgd,4,57.16281509399414,3400.552490234375,35049.24609375,0.0,,
risk_neutral_pgd,5,54.38542175292969,2997.361083984375,30035.986328125,0.0,,
risk_neutral_pgd,6,56.764347076416016,2925.364501953125,29233.365234375,0.0,,
risk_neutral_pgd,7,55.44443130493164,2907.068603515625,28532.18359375,0.0,,
risk_neutral_pgd,8,58.38834762573242,2939.445068359375,29133.84375,0.0,,
risk_neutral_pgd,9,57.57855224609375,2829.454345703125,27944.806640625,0.0,,
risk_neutral_pgd,10,59.79563522338867,2975.3212890625,30106.546875,0.0,,
wideband_pgd,1,-229545.328125,2156.86083984375,24652.314453125,1.7029899268550253e-08,,
wideband_pgd,2,-4849781.0,49141.58203125,514086.5,0.0,,
wideband_pgd,3,-3550255.5,34555.20703125,378994.6875,0.0,,
wideband_pgd,4,-4186133.0,39475.00390625,449254.65625,0.0,,
wideband_pgd,5,-4020115.0,37910.30859375,431435.75,0.0,,
wideband_pgd,6,-4061349.75,38297.41796875,435864.375,0.0,,
wideband_pgd,7,-4051054.25,38202.53515625,434755.4375,0.0,,
wideband_pgd,8,-4053646.0,38227.5625,435032.59375,0.0,,
wideband_pgd,9,-4053007.25,38221.859375,434963.28125,0.0,,
wideband_pgd,10,-4053177.0,38223.91015625,434980.6875,0.0,,
budgeted_primal_dual_pgd,1,-36969.12890625,2156.86083984375,24652.314453125,1.7029899268550253e-08,1.2541049718856812,6.348836898803711
budgeted_primal_dual_pgd,2,-900257.6875,50113.796875,600160.4375,0.0,1.9430164098739624,7.848836898803711
budgeted_primal_dual_pgd,3,-686440.875,38238.92578125,457588.3125,0.0,2.653123617172241,9.348836898803711
budgeted_primal_dual_pgd,4,-742793.8125,41385.41015625,495129.71875,0.0,3.361583709716797,10.848836898803711
budgeted_primal_dual_pgd,5,-736558.75,41037.59765625,490941.34375,0.0,4.099083423614502,12.348836898803711
budgeted_primal_dual_pgd,6,-739677.4375,41201.80859375,492992.53125,0.0,4.836583614349365,13.848836898803711
budgeted_primal_dual_pgd,7,-740820.9375,41250.1015625,493725.84375,0.0,5.57408332824707,15.348836898803711
budgeted_primal_dual_pgd,8,-783552.8125,43596.6015625,522183.375,0.0,6.311583042144775,16.84883689880371
budget_aware_primal_dual_unfolded,1,-130.3280487060547,2156.86083984375,24652.314453125,1.7029899268550253e-08,3.2631676197052,6.832720756530762
budget_aware_primal_dual_unfolded,2,-1725309.125,56553.41015625,678395.875,0.0,8.511937141418457,19.73088836669922
budget_aware_primal_dual_unfolded,3,-1439.861572265625,43523.70703125,522055.0625,0.0,21.794469833374023,52.41055679321289
budget_aware_primal_dual_unfolded,4,-1591130.5,41877.09375,502300.90625,0.0,24.732431411743164,59.65447998046875
budget_aware_primal_dual_unfolded,5,-94399.125,58808.57421875,703537.6875,0.0,40.82681655883789,93.155029296875
budget_aware_primal_dual_unfolded,6,-2377.219482421875,630.5833129882812,6596.48681640625,0.0,41.963314056396484,95.56776428222656
budget_aware_primal_dual_unfolded,7,-2236.635498046875,28.30010986328125,168.3726806640625,0.0,62.58500289916992,145.4072723388672
budget_aware_primal_dual_unfolded,8,-3438.5078125,20.104896545410156,106.17753601074219,0.0,67.08619689941406,156.82186889648438
risk_neutral_pgd,1,21.68999671936035,1025.3114013671875,4177.5986328125,2.554484801464696e-08,,
risk_neutral_pgd,2,45.5737190246582,968.9921875,3725.09716796875,0.0,,
risk_neutral_pgd,3,44.70344924926758,860.03076171875,3273.828125,0.0,,
risk_neutral_pgd,4,46.669586181640625,809.0783081054688,2785.67822265625,0.0,,
risk_neutral_pgd,5,48.96458053588867,877.2750854492188,3238.10693359375,0.0,,
risk_neutral_pgd,6,50.26035690307617,796.983642578125,2659.193603515625,0.0,,
risk_neutral_pgd,7,51.25919723510742,735.709716796875,2511.6201171875,0.0,,
risk_neutral_pgd,8,56.26883316040039,732.64453125,2305.583984375,0.0,,
risk_neutral_pgd,9,56.12166976928711,769.6535034179688,2526.1357421875,0.0,,
risk_neutral_pgd,10,55.32398986816406,724.4918823242188,2394.8505859375,0.0,,
wideband_pgd,1,-50651.13671875,947.8419799804688,4556.68505859375,2.838316470743507e-09,,
wideband_pgd,2,-3282964.75,50895.671875,314943.4375,0.0,,
wideband_pgd,3,-2175470.75,35593.95703125,205196.9375,0.0,,
wideband_pgd,4,-3605544.0,42676.84375,370675.21875,0.0,,
wideband_pgd,5,-3200703.25,38867.83203125,327211.84375,0.0,,
wideband_pgd,6,-3301165.5,39891.30859375,337850.6875,0.0,,
wideband_pgd,7,-3277051.5,39697.9921875,335198.8125,0.0,,
wideband_pgd,8,-3283746.5,39787.4375,335867.96875,0.0,,
wideband_pgd,9,-3282467.25,39790.4453125,335702.4375,0.0,,
wideband_pgd,10,-3283017.75,39804.8203125,335744.3125,0.0,,
budgeted_primal_dual_pgd,1,-6848.05224609375,947.8419799804688,4556.68505859375,2.838316470743507e-09,1.4921199083328247,4.385037422180176
budgeted_primal_dual_pgd,2,-198883.609375,11615.984375,132552.21875,0.0,2.4335296154022217,5.885037422180176
budgeted_primal_dual_pgd,3,-183843.90625,10667.96875,122492.46875,0.0,3.372746706008911,7.385037422180176
budgeted_primal_dual_pgd,4,-323700.5,18279.091796875,215693.625,0.0,4.302919387817383,8.885037422180176
budgeted_primal_dual_pgd,5,-282621.78125,15966.2041015625,188279.75,0.0,5.174891948699951,10.385037422180176
budgeted_primal_dual_pgd,6,-290371.53125,16385.572265625,193404.0,0.0,6.076481342315674,11.885037422180176
budgeted_primal_dual_pgd,7,-288884.5,16287.1201171875,192386.46875,0.0,6.956569671630859,13.385037422180176
budgeted_primal_dual_pgd,8,-289242.0625,16315.8916015625,192589.96875,0.0,7.828758239746094,14.885037422180176
budget_aware_primal_dual_unfolded,1,-15.41668701171875,947.8419799804688,4556.68505859375,2.838316470743507e-09,3.940774917602539,6.302675247192383
budget_aware_primal_dual_unfolded,2,-314280.53125,10580.337890625,126714.0234375,0.0,8.801628112792969,18.054197311401367
budget_aware_primal_dual_unfolded,3,-714.756591796875,8167.15380859375,96601.109375,0.0,24.745635986328125,48.01719665527344
budget_aware_primal_dual_unfolded,4,-286151.9375,7885.326171875,93273.3515625,0.0,28.291067123413086,54.61161804199219
budget_aware_primal_dual_unfolded,5,-30569.271484375,21429.298828125,198641.15625,0.0,46.45242691040039,85.34440612792969
budget_aware_primal_dual_unfolded,6,-2805.074951171875,2407.110595703125,25886.5625,0.0,47.87266159057617,87.6250991821289
budget_aware_primal_dual_unfolded,7,-1366.8616943359375,197.44297790527344,2283.015380859375,0.0,59.2875862121582,133.62661743164062
budget_aware_primal_dual_unfolded,8,-4885.052734375,165.37513732910156,1779.2718505859375,0.0,64.56217193603516,144.05056762695312
risk_neutral_pgd,1,25.26244354248047,6634.84375,70645.421875,1.9868215517249155e-08,,
risk_neutral_pgd,2,49.17087173461914,6827.45751953125,72415.234375,0.0,,
risk_neutral_pgd,3,48.082889556884766,6756.53466796875,71594.0234375,0.0,,
risk_neutral_pgd,4,49.96613693237305,6526.70556640625,69063.15625,0.0,,
risk_neutral_pgd,5,50.43662643432617,7886.30419921875,87295.171875,0.0,,
risk_neutral_pgd,6,50.7176628112793,7701.63232421875,83649.546875,0.0,,
risk_neutral_pgd,7,50.735748291015625,8719.9482421875,93617.875,0.0,,
risk_neutral_pgd,8,50.191890716552734,6945.06689453125,74389.9921875,0.0,,
risk_neutral_pgd,9,49.84504699707031,6257.38916015625,66151.8125,0.0,,
risk_neutral_pgd,10,50.770694732666016,5797.17041015625,61274.9140625,0.0,,
wideband_pgd,1,-116255.84375,1488.341796875,11744.26171875,8.514949634275126e-09,,
wideband_pgd,2,-10807187.0,108447.5,1147562.75,0.0,,
wideband_pgd,3,-6498984.5,68707.7578125,683549.25,0.0,,
wideband_pgd,4,-8101340.5,83016.9140625,857013.75,0.0,,
wideband_pgd,5,-7875181.5,80461.6953125,833534.625,0.0,,
wideband_pgd,6,-7930653.5,81052.921875,839360.1875,0.0,,
wideband_pgd,7,-7917065.0,80925.6171875,837900.3125,0.0,,
wideband_pgd,8,-7920673.0,80971.75,838264.9375,0.0,,
wideband_pgd,9,-7919907.0,80969.015625,838174.125,0.0,,
wideband_pgd,10,-7920168.5,80974.3359375,838196.6875,0.0,,
budgeted_primal_dual_pgd,1,-17607.916015625,1488.341796875,11744.26171875,8.514949634275126e-09,1.3498424291610718,7.84881591796875
budgeted_primal_dual_pgd,2,-1913595.625,106634.3515625,1275713.375,0.0,2.1403448581695557,9.34881591796875
budgeted_primal_dual_pgd,3,-1281559.25,71516.390625,854337.9375,0.0,2.7963340282440186,10.84881591796875
budgeted_primal_dual_pgd,4,-1398241.375,77989.859375,932108.5625,0.0,3.3879051208496094,12.34881591796875
budgeted_primal_dual_pgd,5,-1374573.875,76669.9609375,916296.5,0.0,4.038375377655029,13.84881591796875
budgeted_primal_dual_pgd,6,-1379343.0,76918.734375,919455.375,0.0,4.651596546173096,15.34881591796875
budgeted_primal_dual_pgd,7,-1378347.625,76891.8828125,918758.9375,0.0,5.3020124435424805,16.84881591796875
budgeted_primal_dual_pgd,8,-1378691.375,77046.3671875,918962.75,0.0,5.952477931976318,18.34881591796875
budget_aware_primal_dual_unfolded,1,-40.70982360839844,1488.341796875,11744.26171875,8.514949634275126e-09,3.6740729808807373,6.92829704284668
budget_aware_primal_dual_unfolded,2,-5080572.0,163355.1875,1958947.375,0.0,10.32572078704834,19.99878692626953
budget_aware_primal_dual_unfolded,3,-3126.505859375,133943.171875,1606075.375,0.0,26.97243309020996,53.105709075927734
budget_aware_primal_dual_unfolded,4,-5057260.0,130451.6640625,1564197.875,0.0,30.65389060974121,60.45780563354492
budget_aware_primal_dual_unfolded,5,-253246.28125,168508.375,2017863.0,0.0,43.80424880981445,94.3740234375
budget_aware_primal_dual_unfolded,6,-2400.548095703125,1960.2227783203125,19393.6015625,0.0,44.8677978515625,96.80610656738281
budget_aware_primal_dual_unfolded,7,-2452.666015625,146.6077117919922,797.3043212890625,0.0,66.6418685913086,147.22259521484375
budget_aware_primal_dual_unfolded,8,-4359.5068359375,121.6679458618164,574.9097900390625,0.0,71.6829605102539,158.8133544921875
risk_neutral_pgd,1,21.86113929748535,2121.069091796875,18510.1953125,2.838316426334586e-08,,
risk_neutral_pgd,2,43.91520309448242,1954.42919921875,16634.7109375,0.0,,
risk_neutral_pgd,3,44.56258010864258,1616.5931396484375,13504.5625,0.0,,
risk_neutral_pgd,4,48.56379318237305,1428.3031005859375,11621.056640625,0.0,,
risk_neutral_pgd,5,48.34336471557617,1275.524169921875,10521.4326171875,0.0,,
risk_neutral_pgd,6,49.00340270996094,1323.207763671875,11620.3203125,0.0,,
risk_neutral_pgd,7,50.78635787963867,1707.55615234375,13752.0927734375,0.0,,
risk_neutral_pgd,8,48.154754638671875,1733.8533935546875,13571.12109375,0.0,,
risk_neutral_pgd,9,50.54146194458008,1617.1455078125,11881.9501953125,0.0,,
risk_neutral_pgd,10,50.344512939453125,1629.0096435546875,12117.97265625,0.0,,
wideband_pgd,1,-19727.8515625,269.9426574707031,1962.31982421875,1.9868215517249155e-08,,
wideband_pgd,2,-1840318.75,18915.513671875,194576.6875,0.0,,
wideband_pgd,3,-1129133.75,11884.2021484375,118862.34375,0.0,,
wideband_pgd,4,-1291085.625,13531.05859375,136018.09375,0.0,,
wideband_pgd,5,-1249674.125,13115.8828125,131619.84375,0.0,,
wideband_pgd,6,-1259996.25,13221.7529296875,132711.796875,0.0,,
wideband_pgd,7,-1257442.75,13197.0,132438.890625,0.0,,
wideband_pgd,8,-1258082.375,13204.0244140625,132505.8125,0.0,,
wideband_pgd,9,-1257955.0,13203.6669921875,132490.546875,0.0,,
wideband_pgd,10,-1257987.125,13204.32421875,132493.3125,0.0,,
budgeted_primal_dual_pgd,1,-2924.73974609375,269.9426574707031,1962.31982421875,1.9868215517249155e-08,1.0184334516525269,5.120598316192627
budgeted_primal_dual_pgd,2,-336278.21875,18773.91015625,224184.40625,0.0,1.4777787923812866,4.820598125457764
budgeted_primal_dual_pgd,3,-228821.1875,12797.08984375,152535.84375,0.0,1.8868699073791504,6.043684959411621
budgeted_primal_dual_pgd,4,-248687.78125,13895.1865234375,165764.84375,0.0,2.2866370677948,7.543684959411621
budgeted_primal_dual_pgd,5,-244676.71875,13666.71484375,163075.0,0.0,2.6898488998413086,9.043684959411621
budgeted_primal_dual_pgd,6,-245503.9375,13710.0205078125,163611.1875,0.0,3.0918655395507812,10.543684959411621
budgeted_primal_dual_pgd,7,-245370.1875,13701.0126953125,163503.890625,0.0,3.4937245845794678,12.043684959411621
budgeted_primal_dual_pgd,8,-245427.359375,13703.5517578125,163525.890625,0.0,3.8952810764312744,13.543684959411621
budget_aware_primal_dual_unfolded,1,8.42016887664795,269.9426574707031,1962.31982421875,1.9868215517249155e-08,2.243255376815796,6.744988918304443
budget_aware_primal_dual_unfolded,2,-21682.421875,723.6455078125,8398.4052734375,0.0,6.346769332885742,19.457477569580078
budget_aware_primal_dual_unfolded,3,-353.0653991699219,323.7503662109375,3618.16455078125,0.0,16.885746002197266,51.771705627441406
budget_aware_primal_dual_unfolded,4,-12216.3515625,314.4468688964844,3511.9736328125,0.0,19.210145950317383,58.94699478149414
budget_aware_primal_dual_unfolded,5,-47055.23046875,30007.880859375,359435.6875,0.0,28.654802322387695,92.07538604736328
budget_aware_primal_dual_unfolded,6,-1695.9188232421875,213.27088928222656,2062.196533203125,0.0,29.44415283203125,94.49120330810547
budget_aware_primal_dual_unfolded,7,-1548.3045654296875,11.315346717834473,66.04972839355469,0.0,43.840091705322266,143.76806640625
budget_aware_primal_dual_unfolded,8,-2659.84912109375,12.762530326843262,60.011138916015625,0.0,47.5126838684082,155.02838134765625
risk_neutral_pgd,1,21.697221755981445,6823.57861328125,42936.8671875,2.838316426334586e-08,,
risk_neutral_pgd,2,35.954410552978516,6718.72705078125,40971.65625,0.0,,
risk_neutral_pgd,3,41.73100662231445,6403.626953125,38633.83203125,0.0,,
risk_neutral_pgd,4,41.244014739990234,5411.36083984375,30626.66796875,0.0,,
risk_neutral_pgd,5,42.149017333984375,5504.06298828125,32830.4765625,0.0,,
risk_neutral_pgd,6,43.8250846862793,6552.42138671875,37977.078125,0.0,,
risk_neutral_pgd,7,45.36445999145508,6455.66552734375,40183.7734375,0.0,,
risk_neutral_pgd,8,45.56674575805664,6494.6875,40122.66796875,0.0,,
risk_neutral_pgd,9,44.92123794555664,6986.74658203125,44654.74609375,0.0,,
risk_neutral_pgd,10,49.287288665771484,6555.509765625,41387.96875,0.0,,
wideband_pgd,1,-259208.71875,4431.50537109375,24094.537109375,1.1353265882974029e-08,,
wideband_pgd,2,-16324395.0,261759.671875,1549752.0,0.0,,
wideband_pgd,3,-11086519.0,177331.859375,1053319.25,0.0,,
wideband_pgd,4,-13068301.0,205415.203125,1248385.375,0.0,,
wideband_pgd,5,-12796022.0,200712.453125,1223168.0,0.0,,
wideband_pgd,6,-12938400.0,202698.203125,1237242.0,0.0,,
wideband_pgd,7,-12935278.0,202569.921875,1237092.25,0.0,,
wideband_pgd,8,-12953763.0,202805.421875,1238961.375,0.0,,
wideband_pgd,9,-12959281.0,202863.453125,1239542.25,0.0,,
wideband_pgd,10,-12963736.0,202916.703125,1239999.25,0.0,,
budgeted_primal_dual_pgd,1,-36154.6484375,4431.50537109375,24094.537109375,1.1353265882974029e-08,1.6133736371994019,5.849698066711426
budgeted_primal_dual_pgd,2,-2026496.5,114698.2109375,1350950.25,0.0,2.7078354358673096,7.349698066711426
budgeted_primal_dual_pgd,3,-1403029.75,79866.7578125,935266.0625,0.0,3.8163087368011475,8.849698066711426
budgeted_primal_dual_pgd,4,-1535977.25,87277.8125,1023855.625,0.0,4.925539493560791,10.349698066711426
budgeted_primal_dual_pgd,5,-1521395.375,86412.953125,1014091.875,0.0,6.0365142822265625,11.849698066711426
budgeted_primal_dual_pgd,6,-1532906.0,87052.4453125,1021720.875,0.0,7.146909236907959,13.349698066711426
budgeted_primal_dual_pgd,7,-1536180.125,87358.1328125,1023863.1875,0.0,8.248164176940918,14.849698066711426
budgeted_primal_dual_pgd,8,-1538861.625,89595.59375,1025618.75,0.0,9.301012992858887,16.34969711303711
budget_aware_primal_dual_unfolded,1,-137.682861328125,4431.50537109375,24094.537109375,1.1353265882974029e-08,4.610641956329346,6.570816993713379
budget_aware_primal_dual_unfolded,2,-5418991.0,178533.265625,2140508.75,0.0,12.73840618133545,18.943134307861328
budget_aware_primal_dual_unfolded,3,-4127.60400390625,139402.078125,1671070.75,0.0,33.3311767578125,50.42243194580078
budget_aware_primal_dual_unfolded,4,-5063803.5,134546.203125,1612846.125,0.0,37.877525329589844,57.39409255981445
budget_aware_primal_dual_unfolded,5,-287938.96875,177630.125,2116245.75,0.0,61.62302780151367,89.652099609375
budget_aware_primal_dual_unfolded,6,-3603.18408203125,1328.2486572265625,8749.212890625,0.0,63.26910400390625,92.02169036865234
budget_aware_primal_dual_unfolded,7,-3627.66259765625,85.9511947631836,369.5224304199219,0.0,95.64309692382812,140.14700317382812
budget_aware_primal_dual_unfolded,8,-5901.68994140625,74.99913787841797,353.89141845703125,0.0,102.97469329833984,151.1156463623047
risk_neutral_pgd,1,23.790990829467773,4105.98095703125,30841.984375,1.419158213167293e-08,,
risk_neutral_pgd,2,49.40147018432617,3885.256103515625,29691.921875,0.0,,
risk_neutral_pgd,3,43.17646789550781,3872.981201171875,31020.953125,0.0,,
risk_neutral_pgd,4,49.27641677856445,3883.293212890625,32001.01953125,0.0,,
risk_neutral_pgd,5,48.1435661315918,3238.12890625,24586.5390625,0.0,,
risk_neutral_pgd,6,49.75371170043945,3498.796142578125,28240.61328125,0.0,,
risk_neutral_pgd,7,49.61175537109375,3896.274658203125,33349.609375,0.0,,
risk_neutral_pgd,8,52.44148254394531,3418.8017578125,27968.875,0.0,,
risk_neutral_pgd,9,51.57383346557617,3406.150634765625,29117.650390625,0.0,,
risk_neutral_pgd,10,51.648101806640625,3608.172119140625,28698.69140625,0.0,,
wideband_pgd,1,-177783.40625,2372.34326171875,17777.5078125,1.9868215517249155e-08,,
wideband_pgd,2,-5362119.0,68064.6796875,542646.5625,0.0,,
wideband_pgd,3,-4201237.0,51808.34375,428016.5,0.0,,
wideband_pgd,4,-5268070.5,63484.48828125,539477.5625,0.0,,
wideband_pgd,5,-5352287.0,63581.734375,549822.25,0.0,,
wideband_pgd,6,-5338772.0,63452.51171875,548374.75,0.0,,
wideband_pgd,7,-5351250.5,63575.828125,549703.375,0.0,,
wideband_pgd,8,-5354385.0,63609.73828125,550031.625,0.0,,
wideband_pgd,9,-5357745.5,63643.625,550388.125,0.0,,
wideband_pgd,10,-5359620.0,63662.48046875,550587.0625,0.0,,
budgeted_primal_dual_pgd,1,-26663.36328125,2372.34326171875,17777.5078125,1.9868215517249155e-08,1.4846452474594116,4.583056449890137
budgeted_primal_dual_pgd,2,-947142.875,53086.98828125,631403.5,0.0,2.3609800338745117,6.083056449890137
budgeted_primal_dual_pgd,3,-688093.1875,38698.82421875,458671.9375,0.0,3.211954116821289,7.583056449890137
budgeted_primal_dual_pgd,4,-745866.3125,41892.84765625,497159.53125,0.0,4.004880905151367,9.083056449890137
budgeted_primal_dual_pgd,5,-738272.125,41485.64453125,492056.59375,0.0,4.848219394683838,10.583056449890137
budgeted_primal_dual_pgd,6,-742545.125,41741.48828125,494872.09375,0.0,5.697071075439453,12.083056449890137
budgeted_primal_dual_pgd,7,-743569.8125,41819.23046875,495520.625,0.0,6.546777248382568,13.583056449890137
budgeted_primal_dual_pgd,8,-744669.875,41918.48828125,496218.8125,0.0,7.39802360534668,15.083056449890137
budget_aware_primal_dual_unfolded,1,-74.5584716796875,2372.34326171875,17777.5078125,1.9868215517249155e-08,4.293121814727783,6.931883811950684
budget_aware_primal_dual_unfolded,2,-2116525.5,67874.421875,813860.9375,0.0,11.64477825164795,19.990447998046875
budget_aware_primal_dual_unfolded,3,-1733.99169921875,55889.73828125,669997.0625,0.0,30.49903678894043,53.008296966552734
budget_aware_primal_dual_unfolded,4,-2109809.75,54449.28125,652726.4375,0.0,34.656463623046875,60.34877014160156
budget_aware_primal_dual_unfolded,5,-108808.421875,86997.359375,853533.625,0.0,50.59611892700195,94.18049621582031
budget_aware_primal_dual_unfolded,6,-3156.4482421875,12523.13671875,130787.09375,0.0,52.082218170166016,96.5885238647461
budget_aware_primal_dual_unfolded,7,-3063.503173828125,1160.6236572265625,13416.25390625,0.0,80.14753723144531,146.92721557617188
budget_aware_primal_dual_unfolded,8,-16209.384765625,1054.4805908203125,12112.5771484375,0.0,86.83185577392578,158.50807189941406
risk_neutral_pgd,1,19.462583541870117,2153.972900390625,10357.611328125,3.12214822884016e-08,,
risk_neutral_pgd,2,43.380916595458984,2070.6767578125,10276.9052734375,0.0,,
risk_neutral_pgd,3,44.22383499145508,2185.852783203125,11717.056640625,0.0,,
risk_neutral_pgd,4,45.78975296020508,2254.238525390625,12885.931640625,0.0,,
risk_neutral_pgd,5,47.12701416015625,2100.035400390625,11664.7099609375,0.0,,
risk_neutral_pgd,6,47.887882232666016,2217.810546875,14866.6142578125,0.0,,
risk_neutral_pgd,7,50.53690719604492,2087.267822265625,13231.3154296875,0.0,,
risk_neutral_pgd,8,51.29237747192383,1921.51025390625,11101.822265625,0.0,,
risk_neutral_pgd,9,50.189697265625,1824.8428955078125,10042.849609375,0.0,,
risk_neutral_pgd,10,51.28901290893555,1726.9136962890625,8256.765625,0.0,,
wideband_pgd,1,-114566.15625,1699.078125,11137.2392578125,1.7029899268550253e-08,,
wideband_pgd,2,-4058492.75,77921.6953125,361211.1875,0.0,,
wideband_pgd,3,-3927569.5,55282.23046875,387294.375,0.0,,
wideband_pgd,4,-3977927.75,58563.53125,387436.625,0.0,,
wideband_pgd,5,-3985957.75,58142.625,389229.4375,0.0,,
wideband_pgd,6,-3995416.0,58457.61328125,389821.125,0.0,,
wideband_pgd,7,-3999880.25,58489.66015625,390318.96875,0.0,,
wideband_pgd,8,-4003112.25,58546.41015625,390616.5625,0.0,,
wideband_pgd,9,-4005133.0,58572.39453125,390820.53125,0.0,,
wideband_pgd,10,-4006477.5,58591.40234375,390952.875,0.0,,
budgeted_primal_dual_pgd,1,-16707.83984375,1699.078125,11137.2392578125,1.7029899268550253e-08,1.286108136177063,4.262638092041016
budgeted_primal_dual_pgd,2,-568614.5625,32341.171875,379052.78125,0.0,2.0236079692840576,5.762638092041016
budgeted_primal_dual_pgd,3,-413956.875,23751.806640625,275921.40625,0.0,2.761108160018921,7.262638092041016
budgeted_primal_dual_pgd,4,-449915.0625,25730.345703125,299866.09375,0.0,3.498607873916626,8.762638092041016
budgeted_primal_dual_pgd,5,-446367.875,25566.806640625,297471.34375,0.0,4.236108303070068,10.262638092041016
budgeted_primal_dual_pgd,6,-449682.5625,25732.697265625,299653.0,0.0,4.973608016967773,11.762638092041016
budgeted_primal_dual_pgd,7,-450859.78125,25799.525390625,300407.53125,0.0,5.7111077308654785,13.262638092041016
budgeted_primal_dual_pgd,8,-451911.40625,25811.396484375,301080.125,0.0,6.4486083984375,14.762638092041016
budget_aware_primal_dual_unfolded,1,-35.53842544555664,1699.078125,11137.2392578125,1.7029899268550253e-08,3.4838809967041016,6.981128692626953
budget_aware_primal_dual_unfolded,2,-1221717.625,38599.11328125,462478.21875,0.0,10.011847496032715,20.10687255859375
budget_aware_primal_dual_unfolded,3,-1055.046875,31582.8203125,378323.25,0.0,25.372840881347656,53.269683837890625
budget_aware_primal_dual_unfolded,4,-1214477.25,30782.3359375,368729.65625,0.0,28.780309677124023,60.61976623535156
budget_aware_primal_dual_unfolded,5,-66378.265625,46667.09765625,539751.75,0.0,45.76760482788086,94.59742736816406
budget_aware_primal_dual_unfolded,6,-2727.85205078125,1128.732177734375,7681.7470703125,0.0,46.97529220581055,97.00187683105469
budget_aware_primal_dual_unfolded,7,-2241.879150390625,58.55403137207031,296.4880065917969,0.0,67.38252258300781,147.56004333496094
budget_aware_primal_dual_unfolded,8,-4107.9150390625,55.16163635253906,263.7832946777344,0.0,72.88660430908203,159.2244415283203
risk_neutral_pgd,1,20.66324234008789,1799.08349609375,8822.32421875,3.12214822884016e-08,,
risk_neutral_pgd,2,43.760833740234375,1720.6397705078125,9296.041015625,0.0,,
risk_neutral_pgd,3,44.358394622802734,1529.5325927734375,7751.03515625,0.0,,
risk_neutral_pgd,4,48.61064529418945,1516.2645263671875,7992.3447265625,0.0,,
risk_neutral_pgd,5,49.01640701293945,1599.03857421875,9619.9365234375,0.0,,
risk_neutral_pgd,6,52.67946243286133,1392.0400390625,8158.6162109375,0.0,,
risk_neutral_pgd,7,50.68330001831055,1288.9193115234375,7331.23974609375,0.0,,
risk_neutral_pgd,8,52.43328857421875,1250.7318115234375,7227.03515625,0.0,,
risk_neutral_pgd,9,52.383392333984375,1260.9337158203125,7659.095703125,0.0,,
risk_neutral_pgd,10,53.26692581176758,1186.2567138671875,6878.33251953125,0.0,,
wideband_pgd,1,-60057.390625,729.5602416992188,6141.57421875,2.838316426334586e-08,,
wideband_pgd,2,-1374564.625,18644.439453125,136865.828125,0.0,,
wideband_pgd,3,-1231885.125,14439.8466796875,126914.1875,0.0,,
wideband_pgd,4,-1259658.875,15073.9931640625,129197.078125,0.0,,
wideband_pgd,5,-1255698.625,14958.109375,128919.59375,0.0,,
wideband_pgd,6,-1259269.625,15027.2763671875,129236.2578125,0.0,,
wideband_pgd,7,-1260114.375,15036.1298828125,129325.21875,0.0,,
wideband_pgd,8,-1261049.0,15050.3623046875,129415.40625,0.0,,
wideband_pgd,9,-1261566.375,15057.2255859375,129467.15625,0.0,,
wideband_pgd,10,-1261920.5,15061.6630859375,129502.984375,0.0,,
budgeted_primal_dual_pgd,1,-9204.6044921875,729.5602416992188,6141.57421875,2.838316426334586e-08,1.0195561647415161,3.490621328353882
budgeted_primal_dual_pgd,2,-214829.703125,12045.0859375,143212.4375,0.0,1.4880366325378418,4.843395233154297
budgeted_primal_dual_pgd,3,-157763.75,8852.3896484375,105155.9921875,0.0,1.9162458181381226,5.558049201965332
budgeted_primal_dual_pgd,4,-170266.4375,9542.8125,113469.125,0.0,2.3840320110321045,7.058049201965332
budgeted_primal_dual_pgd,5,-168490.71875,9442.8857421875,112277.2421875,0.0,2.7998530864715576,8.558049201965332
budgeted_primal_dual_pgd,6,-169333.890625,9488.205078125,112815.203125,0.0,3.261479616165161,10.058049201965332
budgeted_primal_dual_pgd,7,-169362.921875,11961.09765625,112822.984375,0.0,3.7231369018554688,11.558049201965332
budgeted_primal_dual_pgd,8,-169659.765625,11047.0244140625,112991.21875,0.0,4.2141499519348145,13.058049201965332
budget_aware_primal_dual_unfolded,1,-23.354690551757812,729.5602416992188,6141.57421875,2.838316426334586e-08,2.2061522006988525,6.9736104011535645
budget_aware_primal_dual_unfolded,2,-211579.890625,6964.99609375,83433.6796875,0.0,6.0306243896484375,20.10695457458496
budget_aware_primal_dual_unfolded,3,-433.0208740234375,5321.05029296875,63721.421875,0.0,15.0112886428833,53.28748321533203
budget_aware_primal_dual_unfolded,4,-194912.109375,5162.90771484375,61827.859375,0.0,16.997854232788086,60.67003631591797
budget_aware_primal_dual_unfolded,5,-28389.984375,17162.7890625,202320.34375,0.0,26.63703155517578,94.67056274414062
budget_aware_primal_dual_unfolded,6,-1577.630615234375,263.6113586425781,2334.187744140625,0.0,27.416635513305664,97.08890533447266
budget_aware_primal_dual_unfolded,7,-1598.02001953125,9.809310913085938,63.75791549682617,0.0,43.02446365356445,147.67617797851562
budget_aware_primal_dual_unfolded,8,-2294.98193359375,8.282690048217773,48.39085388183594,0.0,46.211055755615234,159.32699584960938
risk_neutral_pgd,1,24.46453857421875,6940.56884765625,61850.609375,3.4059798537100505e-08,,
risk_neutral_pgd,2,47.29195022583008,5240.37060546875,45461.9296875,0.0,,
risk_neutral_pgd,3,55.3552360534668,4583.60302734375,40885.4296875,0.0,,
risk_neutral_pgd,4,56.83488082885742,4230.57958984375,34089.6171875,0.0,,
risk_neutral_pgd,5,54.025394439697266,3428.1533203125,27219.404296875,0.0,,
risk_neutral_pgd,6,54.95790100097656,3549.10546875,29933.53515625,0.0,,
risk_neutral_pgd,7,56.290435791015625,3589.587646484375,27023.208984375,0.0,,
risk_neutral_pgd,8,57.94550704956055,3565.771240234375,28675.029296875,0.0,,
risk_neutral_pgd,9,56.530399322509766,3826.944091796875,31159.630859375,0.0,,
risk_neutral_pgd,10,58.712921142578125,4511.77783203125,39146.1484375,0.0,,
wideband_pgd,1,-134878.09375,1891.7767333984375,13315.33984375,2.838316426334586e-08,,
wideband_pgd,2,-5834699.0,87369.7578125,565522.0625,0.0,,
wideband_pgd,3,-4175116.5,59840.26171875,409692.0,0.0,,
wideband_pgd,4,-4559038.5,66185.4375,445784.6875,0.0,,
wideband_pgd,5,-4461445.5,64587.15234375,436581.90625,0.0,,
wideband_pgd,6,-4485791.5,64988.9375,438871.65625,0.0,,
wideband_pgd,7,-4479719.0,64889.52734375,438299.125,0.0,,
wideband_pgd,8,-4481240.5,64914.90625,438441.75,0.0,,
wideband_pgd,9,-4480857.0,64908.83203125,438405.25,0.0,,
wideband_pgd,10,-4480958.5,64910.60546875,438414.5625,0.0,,
budgeted_primal_dual_pgd,1,-19969.556640625,1891.7767333984375,13315.33984375,2.838316426334586e-08,1.2496415376663208,4.563053131103516
budgeted_primal_dual_pgd,2,-668736.0,37875.3828125,445805.84375,0.0,1.931127905845642,5.376315593719482
budgeted_primal_dual_pgd,3,-543014.5625,30688.314453125,361969.28125,0.0,2.599838972091675,6.876315593719482
budgeted_primal_dual_pgd,4,-736598.1875,41373.37890625,491000.21875,0.0,3.2531118392944336,8.37631607055664
budgeted_primal_dual_pgd,5,-677666.0,38069.0390625,451692.375,0.0,3.86926531791687,9.87631607055664
budgeted_primal_dual_pgd,6,-688690.75,38677.625,459011.625,0.0,4.520271301269531,11.37631607055664
budgeted_primal_dual_pgd,7,-686494.9375,38529.828125,457517.5,0.0,5.195271015167236,12.87631607055664
budgeted_primal_dual_pgd,8,-686981.25,38617.30859375,457832.59375,0.0,5.800980091094971,14.37631607055664
budget_aware_primal_dual_unfolded,1,-49.920616149902344,1891.7767333984375,13315.33984375,2.838316426334586e-08,3.3004138469696045,6.957136154174805
budget_aware_primal_dual_unfolded,2,-1216315.5,38923.08203125,467004.65625,0.0,7.868795394897461,20.029735565185547
budget_aware_primal_dual_unfolded,3,-991.315673828125,30930.939453125,370968.3125,0.0,20.287620544433594,53.058143615722656
budget_aware_primal_dual_unfolded,4,-1168326.125,30068.552734375,360625.46875,0.0,23.08698081970215,60.34982681274414
budget_aware_primal_dual_unfolded,5,-70472.7265625,54937.45703125,555825.125,0.0,38.70755386352539,94.214111328125
budget_aware_primal_dual_unfolded,6,-2266.491455078125,3045.484375,32706.953125,0.0,39.774654388427734,96.60391235351562
budget_aware_primal_dual_unfolded,7,-1558.3865966796875,38.24264144897461,375.1336364746094,0.0,53.92366409301758,146.96066284179688
budget_aware_primal_dual_unfolded,8,-3437.283203125,35.01962661743164,266.697509765625,0.0,59.045047760009766,158.5589599609375
risk_neutral_pgd,1,21.851491928100586,25597.265625,244915.96875,1.7029899268550253e-08,,
risk_neutral_pgd,2,45.17600631713867,23830.943359375,234986.71875,0.0,,
risk_neutral_pgd,3,47.59999084472656,24945.751953125,252761.1875,0.0,,
risk_neutral_pgd,4,45.51302719116211,25593.3671875,263761.25,0.0,,
risk_neutral_pgd,5,48.52058792114258,21909.142578125,225114.03125,0.0,,
risk_neutral_pgd,6,51.08567810058594,21447.69140625,216502.8125,0.0,,
risk_neutral_pgd,7,48.49480056762695,18781.017578125,187590.28125,0.0,,
risk_neutral_pgd,8,51.57293701171875,17848.0546875,176747.3125,0.0,,
risk_neutral_pgd,9,49.880157470703125,17146.349609375,167053.6875,0.0,,
risk_neutral_pgd,10,51.68171310424805,15412.2900390625,144342.5625,0.0,,
wideband_pgd,1,-742395.625,9448.1357421875,75086.4453125,1.9868215517249155e-08,,
wideband_pgd,2,-52033812.0,706639.8125,5179279.0,0.0,,
wideband_pgd,3,-42890432.0,464708.53125,4489977.0,0.0,,
wideband_pgd,4,-45365804.0,498693.375,4735677.0,0.0,,
wideband_pgd,5,-45223512.0,495822.21875,4723273.5,0.0,,
wideband_pgd,6,-45594760.0,500508.25,4760893.0,0.0,,
wideband_pgd,7,-45715304.0,501832.625,4773478.0,0.0,,
wideband_pgd,8,-45813804.0,503002.25,4783597.0,0.0,,
wideband_pgd,9,-45864524.0,503588.46875,4788838.0,0.0,,
wideband_pgd,10,-45895204.0,503948.0,4791999.0,0.0,,
budgeted_primal_dual_pgd,1,-112644.6953125,9448.1357421875,75086.4453125,1.9868215517249155e-08,1.6735445261001587,3.7313268184661865
budgeted_primal_dual_pgd,2,-8123012.0,454146.59375,5415299.5,0.0,2.661173105239868,5.231327056884766
budgeted_primal_dual_pgd,3,-5544205.0,310961.46875,3696062.5,0.0,3.5643975734710693,6.731327056884766
budgeted_primal_dual_pgd,4,-6060517.0,339528.96875,4040235.0,0.0,4.463716506958008,8.231327056884766
budgeted_primal_dual_pgd,5,-5984687.5,335310.21875,3989644.25,0.0,5.3652801513671875,9.731327056884766
budgeted_primal_dual_pgd,6,-6020110.0,337260.71875,4013224.0,0.0,6.27451753616333,11.231327056884766
budgeted_primal_dual_pgd,7,-6026173.5,337344.4375,4017227.75,0.0,7.186110019683838,12.731327056884766
budgeted_primal_dual_pgd,8,-6033159.5,337597.5,4021848.0,0.0,8.098822593688965,14.231327056884766
budget_aware_primal_dual_unfolded,1,-357.539794921875,9448.1357421875,75086.4453125,1.9868215517249155e-08,5.193652629852295,6.952172756195068
budget_aware_primal_dual_unfolded,2,-22547746.0,713412.9375,8560360.0,0.0,13.558597564697266,20.016807556152344
budget_aware_primal_dual_unfolded,3,-11149.3759765625,584269.4375,7010681.5,0.0,34.778316497802734,53.01841354370117
budget_aware_primal_dual_unfolded,4,-22198280.0,566956.0625,6802935.0,0.0,39.46222686767578,60.294921875
budget_aware_primal_dual_unfolded,5,-1054632.625,717806.1875,8594482.0,0.0,63.87382125854492,94.12922668457031
budget_aware_primal_dual_unfolded,6,-3526.362548828125,6616.96533203125,71680.8125,0.0,65.39978790283203,96.51763916015625
budget_aware_primal_dual_unfolded,7,-2932.46826171875,126.31735229492188,1318.945068359375,0.0,91.22897338867188,146.83151245117188
budget_aware_primal_dual_unfolded,8,-5476.1318359375,56.81596374511719,480.0059814453125,0.0,98.11959075927734,158.42581176757812
risk_neutral_pgd,1,18.372249603271484,5440.3173828125,29783.265625,3.4059798537100505e-08,,
risk_neutral_pgd,2,41.70795822143555,5477.57373046875,29692.693359375,0.0,,
risk_neutral_pgd,3,44.7014045715332,5676.37158203125,31388.109375,0.0,,
risk_neutral_pgd,4,45.61277389526367,5700.00732421875,29419.76953125,0.0,,
risk_neutral_pgd,5,47.21168899536133,6306.80615234375,35872.2734375,0.0,,
risk_neutral_pgd,6,48.0849494934082,6069.59326171875,32202.7734375,0.0,,
risk_neutral_pgd,7,48.12367630004883,6291.04931640625,34495.76953125,0.0,,
risk_neutral_pgd,8,48.59884262084961,6629.326171875,39581.37109375,0.0,,
risk_neutral_pgd,9,50.971187591552734,5838.20849609375,30155.35546875,0.0,,
risk_neutral_pgd,10,51.39979553222656,6005.720703125,34375.36328125,0.0,,
wideband_pgd,1,-194127.1875,3038.915283203125,18569.943359375,2.838316426334586e-08,,
wideband_pgd,2,-11502612.0,181741.078125,1097064.375,0.0,,
wideband_pgd,3,-10714324.0,122618.75,1109382.5,0.0,,
wideband_pgd,4,-11050529.0,128758.5703125,1139895.75,0.0,,
wideband_pgd,5,-11101589.0,128440.2734375,1146874.75,0.0,,
wideband_pgd,6,-11173462.0,129315.9609375,1154217.125,0.0,,
wideband_pgd,7,-11206497.0,129579.0859375,1157853.0,0.0,,
wideband_pgd,8,-11228148.0,129796.9296875,1160151.0,0.0,,
wideband_pgd,9,-11239998.0,129906.4609375,1161426.75,0.0,,
wideband_pgd,10,-11246888.0,129972.8359375,1162163.75,0.0,,
budgeted_primal_dual_pgd,1,-27866.28125,3038.915283203125,18569.943359375,2.838316426334586e-08,1.283684253692627,3.976287603378296
budgeted_primal_dual_pgd,2,-1545030.375,86805.609375,1029989.75,0.0,1.9770101308822632,5.476287841796875
budgeted_primal_dual_pgd,3,-1099726.0,62104.55859375,733102.625,0.0,2.628601312637329,6.976287841796875
budgeted_primal_dual_pgd,4,-1194950.625,67359.4765625,796577.625,0.0,3.2111759185791016,8.448690414428711
budgeted_primal_dual_pgd,5,-1178528.0,66425.125,785582.25,0.0,3.946089506149292,9.948690414428711
budgeted_primal_dual_pgd,6,-1182574.25,66667.4609375,788271.0,0.0,4.580501079559326,11.448690414428711
budgeted_primal_dual_pgd,7,-1182062.125,66611.5859375,787894.0,0.0,5.278655529022217,12.948690414428711
budgeted_primal_dual_pgd,8,-1182175.375,66587.5390625,787936.1875,0.0,6.029979228973389,14.448690414428711
budget_aware_primal_dual_unfolded,1,-78.56010437011719,3038.915283203125,18569.943359375,2.838316426334586e-08,3.4439754486083984,6.901967525482178
budget_aware_primal_dual_unfolded,2,-2498672.5,79380.40625,952099.875,0.0,9.219009399414062,19.87070655822754
budget_aware_primal_dual_unfolded,3,-1648.269775390625,64356.5,771839.5,0.0,23.643386840820312,52.66059112548828
budget_aware_primal_dual_unfolded,4,-2443718.75,62548.34375,750150.0,0.0,26.818222045898438,59.88896560668945
budget_aware_primal_dual_unfolded,5,-153056.828125,103530.1640625,1233792.75,0.0,41.836700439453125,93.52006530761719
budget_aware_primal_dual_unfolded,6,-2335.4287109375,2370.408203125,24275.96484375,0.0,42.98362731933594,95.9019775390625
budget_aware_primal_dual_unfolded,7,-1834.3226318359375,53.26283264160156,301.2768859863281,0.0,60.9222412109375,145.92193603515625
budget_aware_primal_dual_unfolded,8,-3813.66650390625,66.81558227539062,255.8118133544922,0.0,66.52535247802734,157.4273223876953
risk_neutral_pgd,1,26.187532424926758,13328.4482421875,93153.28125,2.2706531765948057e-08,,
risk_neutral_pgd,2,52.745819091796875,11779.0009765625,80974.5078125,0.0,,
risk_neutral_pgd,3,51.94038009643555,12307.7841796875,95281.234375,0.0,,
risk_neutral_pgd,4,55.62788391113281,10807.2138671875,77247.75,0.0,,
risk_neutral_pgd,5,54.92936325073242,9242.1943359375,67718.75,0.0,,
risk_neutral_pgd,6,53.8849983215332,7571.15966796875,52974.41796875,0.0,,
risk_neutral_pgd,7,54.93765640258789,8617.1865234375,51131.03125,0.0,,
risk_neutral_pgd,8,56.00825500488281,8588.662109375,51368.2890625,0.0,,
risk_neutral_pgd,9,61.09458541870117,9126.9501953125,63990.5,0.0,,
risk_neutral_pgd,10,61.08478927612305,10060.0322265625,68553.203125,0.0,,
wideband_pgd,1,-471041.0625,5355.59814453125,48841.39453125,2.554484801464696e-08,,
wideband_pgd,2,-14767542.0,185227.75,1498644.125,0.0,,
wideband_pgd,3,-10182250.0,122503.8359375,1043089.5,0.0,,
wideband_pgd,4,-11254711.0,136476.828125,1150947.25,0.0,,
wideband_pgd,5,-10983092.0,132974.703125,1123561.0,0.0,,
wideband_pgd,6,-11051059.0,133868.609375,1130380.75,0.0,,
wideband_pgd,7,-11034216.0,133655.8125,1128674.25,0.0,,
wideband_pgd,8,-11038530.0,133716.0,1129100.75,0.0,,
wideband_pgd,9,-11037517.0,133705.46875,1128994.0,0.0,,
wideband_pgd,10,-11037817.0,133711.171875,1129020.75,0.0,,
budgeted_primal_dual_pgd,1,-73252.9765625,5355.59814453125,48841.39453125,2.554484801464696e-08,1.3910709619522095,5.233771800994873
budgeted_primal_dual_pgd,2,-1776403.0,99914.3125,1184255.75,0.0,2.1278269290924072,6.309005260467529
budgeted_primal_dual_pgd,3,-1335331.875,75307.484375,890182.5,0.0,2.865668535232544,7.809005260467529
budgeted_primal_dual_pgd,4,-1439560.0,81009.65625,959638.125,0.0,3.6370232105255127,9.309005737304688
budgeted_primal_dual_pgd,5,-2343184.75,130913.5390625,1562022.75,0.0,4.427640914916992,10.809005737304688
budgeted_primal_dual_pgd,6,-2038850.75,113939.0234375,1359098.75,0.0,5.217243671417236,12.309005737304688
budgeted_primal_dual_pgd,7,-2094800.5,117019.5,1396385.75,0.0,5.938182830810547,12.183869361877441
budgeted_primal_dual_pgd,8,-2083470.875,116367.6953125,1388783.25,0.0,6.732435703277588,13.683869361877441
budget_aware_primal_dual_unfolded,1,-224.52932739257812,5355.59814453125,48841.39453125,2.554484801464696e-08,3.9649455547332764,6.8811845779418945
budget_aware_primal_dual_unfolded,2,-3681664.5,117377.6328125,1407004.125,0.0,10.2814359664917,19.847484588623047
budget_aware_primal_dual_unfolded,3,-2269.5556640625,96769.0,1159775.75,0.0,26.27567481994629,52.67441940307617
budget_aware_primal_dual_unfolded,4,-3679858.75,94096.8359375,1127734.25,0.0,29.834625244140625,59.96709442138672
budget_aware_primal_dual_unfolded,5,-223996.078125,188457.984375,1821922.25,0.0,48.34757614135742,93.59898376464844
budget_aware_primal_dual_unfolded,6,-2985.706787109375,12891.171875,143493.203125,0.0,49.65666580200195,96.00904083251953
budget_aware_primal_dual_unfolded,7,-2454.291015625,425.9354553222656,4558.23486328125,0.0,71.54934692382812,146.05751037597656
budget_aware_primal_dual_unfolded,8,-7093.5146484375,334.8293762207031,3363.3232421875,0.0,76.99403381347656,157.55300903320312
risk_neutral_pgd,1,27.64130973815918,8716.7158203125,40934.2734375,2.2706531765948057e-08,,
risk_neutral_pgd,2,46.17755126953125,8369.2451171875,37661.0234375,0.0,,
risk_neutral_pgd,3,49.3416748046875,8155.65869140625,34456.3359375,0.0,,
risk_neutral_pgd,4,52.38111877441406,7270.693359375,30309.1953125,0.0,,
risk_neutral_pgd,5,52.26063537597656,7663.52880859375,34038.8828125,0.0,,
risk_neutral_pgd,6,55.237030029296875,8047.7578125,34014.2578125,0.0,,
risk_neutral_pgd,7,53.35249710083008,7633.177734375,32521.59375,0.0,,
risk_neutral_pgd,8,53.98213577270508,7602.46630859375,34278.2109375,0.0,,
risk_neutral_pgd,9,57.04899597167969,7906.40576171875,36096.94921875,0.0,,
risk_neutral_pgd,10,57.27186965942383,7773.21337890625,37965.1796875,0.0,,
wideband_pgd,1,-385937.0,6286.32275390625,36458.31640625,1.9868215517249155e-08,,
wideband_pgd,2,-44492632.0,493331.65625,4636585.0,0.0,,
wideband_pgd,3,-28187628.0,312232.90625,2938019.0,0.0,,
wideband_pgd,4,-32313328.0,357493.75,3368867.0,0.0,,
wideband_pgd,5,-31348466.0,347123.375,3267703.25,0.0,,
wideband_pgd,6,-31613364.0,350093.28125,3295246.75,0.0,,
wideband_pgd,7,-31553832.0,349485.03125,3288945.75,0.0,,
wideband_pgd,8,-31570764.0,349694.5,3290669.5,0.0,,
wideband_pgd,9,-31567292.0,349672.96875,3290275.75,0.0,,
wideband_pgd,10,-31568526.0,349698.40625,3290382.5,0.0,,
budgeted_primal_dual_pgd,1,-54690.3515625,6286.32275390625,36458.31640625,1.9868215517249155e-08,1.4484710693359375,4.783138275146484
budgeted_primal_dual_pgd,2,-8116644.5,453140.125,5411063.5,0.0,2.2910451889038086,6.283138275146484
budgeted_primal_dual_pgd,3,-5554032.0,310797.46875,3702627.25,0.0,3.082956314086914,7.783138275146484
budgeted_primal_dual_pgd,4,-6097688.0,341108.9375,4065052.25,0.0,3.768691301345825,7.812363624572754
budgeted_primal_dual_pgd,5,-6005878.0,336038.6875,4003795.25,0.0,4.587829113006592,9.312363624572754
budgeted_primal_dual_pgd,6,-6029448.5,337327.125,4019490.0,0.0,5.376659393310547,10.812363624572754
budgeted_primal_dual_pgd,7,-6026183.5,337170.34375,4017270.25,0.0,6.209208011627197,12.312363624572754
budgeted_primal_dual_pgd,8,-6027286.5,336711.0,4017979.25,0.0,7.034304141998291,13.812363624572754
budget_aware_primal_dual_unfolded,1,-232.5357666015625,6286.32275390625,36458.31640625,1.9868215517249155e-08,3.9022552967071533,6.519595146179199
budget_aware_primal_dual_unfolded,2,-16298204.0,540204.625,6478864.5,0.0,10.203906059265137,18.715167999267578
budget_aware_primal_dual_unfolded,3,-12227.9501953125,433035.15625,5193051.0,0.0,26.5319766998291,49.7288818359375
budget_aware_primal_dual_unfolded,4,-15487047.0,416744.75,4997642.5,0.0,30.16534423828125,56.56510925292969
budget_aware_primal_dual_unfolded,5,-801883.125,477931.0,5706293.0,0.0,45.5264778137207,88.36087036132812
budget_aware_primal_dual_unfolded,6,-2864.04248046875,12205.109375,126006.2734375,0.0,46.7519645690918,90.68212890625
budget_aware_primal_dual_unfolded,7,-2338.47802734375,210.6829833984375,2091.35107421875,0.0,67.89423370361328,138.181884765625
budget_aware_primal_dual_unfolded,8,-5612.40625,201.05311584472656,1855.1796875,0.0,73.28917694091797,149.00921630859375
risk_neutral_pgd,1,25.79545783996582,4552.03369140625,34071.4375,1.9868215517249155e-08,,
risk_neutral_pgd,2,50.42951583862305,4479.97998046875,35316.7109375,0.0,,
risk_neutral_pgd,3,55.62185287475586,4641.40771484375,38566.375,0.0,,
risk_neutral_pgd,4,58.22896957397461,4497.9658203125,37513.6328125,0.0,,
risk_neutral_pgd,5,58.99580764770508,4432.01611328125,36719.8828125,0.0,,
risk_neutral_pgd,6,60.6434326171875,4197.64990234375,33436.43359375,0.0,,
risk_neutral_pgd,7,60.761993408203125,4401.27197265625,34995.703125,0.0,,
risk_neutral_pgd,8,62.402278900146484,4320.4150390625,34441.30078125,0.0,,
risk_neutral_pgd,9,63.95684814453125,4444.94921875,33930.109375,0.0,,
risk_neutral_pgd,10,64.85459899902344,4133.93115234375,30658.96484375,0.0,,
wideband_pgd,1,-109632.625,1931.9859619140625,10084.5927734375,2.2706531765948057e-08,,
wideband_pgd,2,-17907046.0,189946.8125,1882233.75,0.0,,
wideband_pgd,3,-11041768.0,118326.4453125,1158361.625,0.0,,
wideband_pgd,4,-12887187.0,137437.953125,1353204.5,0.0,,
wideband_pgd,5,-12598455.0,134323.265625,1322952.875,0.0,,
wideband_pgd,6,-12791423.0,136238.234375,1343483.25,0.0,,
wideband_pgd,7,-12816995.0,136451.0625,1346280.75,0.0,,
wideband_pgd,8,-12854415.0,136807.484375,1350290.0,0.0,,
wideband_pgd,9,-12870459.0,136956.546875,1352015.875,0.0,,
wideband_pgd,10,-12880996.0,137056.296875,1353145.875,0.0,,
budgeted_primal_dual_pgd,1,-15121.3564453125,1931.9859619140625,10084.5927734375,2.2706531765948057e-08,1.454686164855957,4.661048889160156
budgeted_primal_dual_pgd,2,-3281289.25,182974.828125,2187503.5,0.0,2.375420331954956,6.161048889160156
budgeted_primal_dual_pgd,3,-2224550.0,124208.4140625,1482991.125,0.0,3.160048484802246,6.605482578277588
budgeted_primal_dual_pgd,4,-2470586.0,138296.34375,1646981.625,0.0,3.9935429096221924,8.10548210144043
budgeted_primal_dual_pgd,5,-2456073.0,137014.265625,1637275.5,0.0,4.840810298919678,8.96434497833252
budgeted_primal_dual_pgd,6,-2482646.0,138440.890625,1654963.0,0.0,5.6589789390563965,10.46434497833252
budgeted_primal_dual_pgd,7,-2491991.0,139132.25,1661170.375,0.0,6.453178882598877,11.96434497833252
budgeted_primal_dual_pgd,8,-2499074.5,140291.671875,1665858.0,0.0,7.265402317047119,13.46434497833252
budget_aware_primal_dual_unfolded,1,-33.014896392822266,1931.9859619140625,10084.5927734375,2.2706531765948057e-08,4.109605312347412,6.87633752822876
budget_aware_primal_dual_unfolded,2,-6340167.0,204578.046875,2453951.0,0.0,11.895625114440918,19.831594467163086
budget_aware_primal_dual_unfolded,3,-3964.62109375,160972.671875,1930749.875,0.0,31.774770736694336,52.67860412597656
budget_aware_primal_dual_unfolded,4,-5994674.5,155457.546875,1864588.625,0.0,36.18816375732422,59.97472381591797
budget_aware_primal_dual_unfolded,5,-398155.59375,260094.609375,3114242.5,0.0,55.3024787902832,93.63291931152344
budget_aware_primal_dual_unfolded,6,-3090.238037109375,3538.377685546875,37397.54296875,0.0,56.67119216918945,96.05683135986328
budget_aware_primal_dual_unfolded,7,-2589.922607421875,57.93098068237305,369.8744812011719,0.0,80.08441162109375,146.11471557617188
budget_aware_primal_dual_unfolded,8,-3815.258544921875,34.301082611083984,150.89755249023438,0.0,85.04928588867188,157.61065673828125
risk_neutral_pgd,1,26.614898681640625,492052.84375,5852328.0,2.554484801464696e-08,,
risk_neutral_pgd,2,52.00345230102539,454121.75,5403642.5,0.0,,
risk_neutral_pgd,3,52.217105865478516,355413.75,4224206.0,0.0,,
risk_neutral_pgd,4,56.398895263671875,403790.78125,4808363.5,0.0,,
risk_neutral_pgd,5,56.056766510009766,386029.34375,4596267.0,0.0,,
risk_neutral_pgd,6,55.72661209106445,369149.65625,4395667.0,0.0,,
risk_neutral_pgd,7,57.744293212890625,381838.5,4539804.0,0.0,,
risk_neutral_pgd,8,57.1318244934082,327775.21875,3895434.75,0.0,,
risk_neutral_pgd,9,58.98085403442383,309245.21875,3674334.25,0.0,,
risk_neutral_pgd,10,58.31315994262695,460686.40625,5490244.0,0.0,,
wideband_pgd,1,-205089.671875,2246.486328125,21426.546875,2.554484801464696e-08,,
wideband_pgd,2,-5386437.0,64001.75390625,553304.375,0.0,,
wideband_pgd,3,-3520085.5,43207.95703125,358998.65625,0.0,,
wideband_pgd,4,-3961537.25,48587.86328125,404092.25,0.0,,
wideband_pgd,5,-3850241.75,47300.76171875,392593.625,0.0,,
wideband_pgd,6,-3878275.5,47643.85546875,395454.3125,0.0,,
wideband_pgd,7,-3871476.25,47572.46484375,394738.1875,0.0,,
wideband_pgd,8,-3873352.5,47602.19921875,394917.25,0.0,,
wideband_pgd,9,-3873029.0,47604.38671875,394872.625,0.0,,
wideband_pgd,10,-3873222.0,47611.28125,394883.875,0.0,,
budgeted_primal_dual_pgd,1,-32126.185546875,2246.486328125,21426.546875,2.554484801464696e-08,1.205800175666809,6.2896623611450195
budgeted_primal_dual_pgd,2,-965980.125,54112.75,643975.875,0.0,1.85578191280365,5.989662170410156
budgeted_primal_dual_pgd,3,-687178.1875,38611.25390625,458086.25,0.0,2.4381749629974365,6.521107196807861
budgeted_primal_dual_pgd,4,-740249.3125,41553.0703125,493442.4375,0.0,3.0317904949188232,8.021106719970703
budgeted_primal_dual_pgd,5,-729599.75,40981.19140625,486318.0625,0.0,3.640066146850586,9.521106719970703
budgeted_primal_dual_pgd,6,-731776.375,41069.80078125,487742.9375,0.0,4.2750372886657715,11.021106719970703
budgeted_primal_dual_pgd,7,-731388.0,41058.5625,487458.15625,0.0,4.9299092292785645,12.521106719970703
budgeted_primal_dual_pgd,8,-731515.5,41083.16796875,487515.125,0.0,5.588039398193359,14.021106719970703
budget_aware_primal_dual_unfolded,1,-94.36279296875,2246.486328125,21426.546875,2.554484801464696e-08,3.1040213108062744,7.177612781524658
budget_aware_primal_dual_unfolded,2,-2290369.5,73058.03125,875511.1875,0.0,8.137955665588379,20.753084182739258
budget_aware_primal_dual_unfolded,3,-1568.6990966796875,60354.234375,723117.75,0.0,20.635889053344727,54.97771453857422
budget_aware_primal_dual_unfolded,4,-2314173.0,59442.41796875,712192.25,0.0,23.3915958404541,62.620445251464844
budget_aware_primal_dual_unfolded,5,-133383.203125,89329.5390625,1068868.25,0.0,40.719825744628906,97.69346618652344
budget_aware_primal_dual_unfolded,6,-2388.639892578125,1007.5283203125,10355.7431640625,0.0,41.914432525634766,100.17510223388672
budget_aware_primal_dual_unfolded,7,-2200.83203125,238.09117126464844,2535.574951171875,0.0,63.02961349487305,152.19342041015625
budget_aware_primal_dual_unfolded,8,-5092.244140625,173.58544921875,1792.155029296875,0.0,67.84552764892578,164.20887756347656
